adm0_id,adm0_name,adm1_id,adm1_name,mkt_id,mkt_name,cm_id,cm_name,cur_id,cur_name,pt_id,pt_name,um_id,um_name,mp_month,mp_year,mp_price,mp_commoditysource
1.0,Afghanistan,272,Badakhshan,266,Fayzabad,55,Bread - Retail,0.0,AFN,15,Retail,5,KG,1,2014,50.0,
1.0,Afghanistan,272,Badakhshan,266,Fayzabad,55,Bread - Retail,0.0,AFN,15,Retail,5,KG,2,2014,50.0,
1.0,Afghanistan,272,Badakhshan,266,Fayzabad,55,Bread - Retail,0.0,AFN,15,Retail,5,KG,3,2014,50.0,
1.0,Afghanistan,272,Badakhshan,266,Fayzabad,55,Bread - Retail,0.0,AFN,15,Retail,5,KG,4,2014,50.0,
1.0,Afghanistan,272,Badakhshan,266,Fayzabad,55,Bread - Retail,0.0,AFN,15,Retail,5,KG,5,2014,50.0,
1.0,Afghanistan,272,Badakhshan,266,Fayzabad,55,Bread - Retail,0.0,AFN,15,Retail,5,KG,6,2014,50.0,
1.0,Afghanistan,272,Badakhshan,266,Fayzabad,55,Bread - Retail,0.0,AFN,15,Retail,5,KG,7,2014,50.0,
1.0,Afghanistan,272,Badakhshan,266,Fayzabad,55,Bread - Retail,0.0,AFN,15,Retail,5,KG,8,2014,50.0,
1.0,Afghanistan,272,Badakhshan,266,Fayzabad,55,Bread - Retail,0.0,AFN,15,Retail,5,KG,9,2014,50.0,
1.0,Afghanistan,272,Badakhshan,266,Fayzabad,55,Bread - Retail,0.0,AFN,15,Retail,5,KG,10,2014,50.0,
1.0,Afghanistan,272,Badakhshan,266,Fayzabad,55,Bread - Retail,0.0,AFN,15,Retail,5,KG,11,2014,50.0,
1.0,Afghanistan,272,Badakhshan,266,Fayzabad,55,Bread - Retail,0.0,AFN,15,Retail,5,KG,12,2014,50.0,
1.0,Afghanistan,272,Badakhshan,266,Fayzabad,55,Bread - Retail,0.0,AFN,15,Retail,5,KG,1,2015,50.0,
1.0,Afghanistan,272,Badakhshan,266,Fayzabad,55,Bread - Retail,0.0,AFN,15,Retail,5,KG,2,2015,50.0,
1.0,Afghanistan,272,Badakhshan,266,Fayzabad,55,Bread - Retail,0.0,AFN,15,Retail,5,KG,3,2015,50.0,
1.0,Afghanistan,272,Badakhshan,266,Fayzabad,55,Bread - Retail,0.0,AFN,15,Retail,5,KG,6,2015,50.0,
1.0,Afghanistan,272,Badakhshan,266,Fayzabad,55,Bread - Retail,0.0,AFN,15,Retail,5,KG,7,2015,50.0,
1.0,Afghanistan,272,Badakhshan,266,Fayzabad,55,Bread - Retail,0.0,AFN,15,Retail,5,KG,8,2015,50.0,
1.0,Afghanistan,272,Badakhshan,266,Fayzabad,55,Bread - Retail,0.0,AFN,15,Retail,5,KG,9,2015,50.0,
1.0,Afghanistan,272,Badakhshan,266,Fayzabad,55,Bread - Retail,0.0,AFN,15,Retail,5,KG,10,2015,56.25,
1.0,Afghanistan,272,Badakhshan,266,Fayzabad,55,Bread - Retail,0.0,AFN,15,Retail,5,KG,11,2015,65.25,
1.0,Afghanistan,272,Badakhshan,266,Fayzabad,55,Bread - Retail,0.0,AFN,15,Retail,5,KG,12,2015,55.5,
1.0,Afghanistan,272,Badakhshan,266,Fayzabad,55,Bread - Retail,0.0,AFN,15,Retail,5,KG,1,2016,55.5,
1.0,Afghanistan,272,Badakhshan,266,Fayzabad,55,Bread - Retail,0.0,AFN,15,Retail,5,KG,3,2016,55.5,
1.0,Afghanistan,272,Badakhshan,266,Fayzabad,55,Bread - Retail,0.0,AFN,15,Retail,5,KG,4,2016,50.0,
1.0,Afghanistan,272,Badakhshan,266,Fayzabad,55,Bread - Retail,0.0,AFN,15,Retail,5,KG,5,2016,50.0,
1.0,Afghanistan,272,Badakhshan,266,Fayzabad,55,Bread - Retail,0.0,AFN,15,Retail,5,KG,6,2016,50.0,
1.0,Afghanistan,272,Badakhshan,266,Fayzabad,55,Bread - Retail,0.0,AFN,15,Retail,5,KG,7,2016,50.0,
1.0,Afghanistan,272,Badakhshan,266,Fayzabad,55,Bread - Retail,0.0,AFN,15,Retail,5,KG,8,2016,50.0,
1.0,Afghanistan,272,Badakhshan,266,Fayzabad,55,Bread - Retail,0.0,AFN,15,Retail,5,KG,9,2016,50.0,
1.0,Afghanistan,272,Badakhshan,266,Fayzabad,55,Bread - Retail,0.0,AFN,15,Retail,5,KG,10,2016,50.0,
1.0,Afghanistan,272,Badakhshan,266,Fayzabad,55,Bread - Retail,0.0,AFN,15,Retail,5,KG,11,2016,50.0,
1.0,Afghanistan,272,Badakhshan,266,Fayzabad,55,Bread - Retail,0.0,AFN,15,Retail,5,KG,12,2016,50.0,
1.0,Afghanistan,272,Badakhshan,266,Fayzabad,55,Bread - Retail,0.0,AFN,15,Retail,5,KG,1,2017,50.0,
1.0,Afghanistan,272,Badakhshan,266,Fayzabad,55,Bread - Retail,0.0,AFN,15,Retail,5,KG,2,2017,50.0,
1.0,Afghanistan,272,Badakhshan,266,Fayzabad,55,Bread - Retail,0.0,AFN,15,Retail,5,KG,3,2017,50.0,
1.0,Afghanistan,272,Badakhshan,266,Fayzabad,55,Bread - Retail,0.0,AFN,15,Retail,5,KG,4,2017,50.0,
1.0,Afghanistan,272,Badakhshan,266,Fayzabad,55,Bread - Retail,0.0,AFN,15,Retail,5,KG,5,2017,50.0,
1.0,Afghanistan,272,Badakhshan,266,Fayzabad,55,Bread - Retail,0.0,AFN,15,Retail,5,KG,6,2017,50.0,
1.0,Afghanistan,272,Badakhshan,266,Fayzabad,55,Bread - Retail,0.0,AFN,15,Retail,5,KG,7,2017,50.0,
1.0,Afghanistan,272,Badakhshan,266,Fayzabad,55,Bread - Retail,0.0,AFN,15,Retail,5,KG,8,2017,50.0,
1.0,Afghanistan,272,Badakhshan,266,Fayzabad,55,Bread - Retail,0.0,AFN,15,Retail,5,KG,9,2017,50.0,
1.0,Afghanistan,272,Badakhshan,266,Fayzabad,55,Bread - Retail,0.0,AFN,15,Retail,5,KG,10,2017,50.0,
1.0,Afghanistan,272,Badakhshan,266,Fayzabad,55,Bread - Retail,0.0,AFN,15,Retail,5,KG,11,2017,50.0,
1.0,Afghanistan,272,Badakhshan,266,Fayzabad,55,Bread - Retail,0.0,AFN,15,Retail,5,KG,12,2017,50.0,
1.0,Afghanistan,272,Badakhshan,266,Fayzabad,55,Bread - Retail,0.0,AFN,15,Retail,5,KG,1,2018,50.0,
1.0,Afghanistan,272,Badakhshan,266,Fayzabad,55,Bread - Retail,0.0,AFN,15,Retail,5,KG,2,2018,50.0,
1.0,Afghanistan,272,Badakhshan,266,Fayzabad,55,Bread - Retail,0.0,AFN,15,Retail,5,KG,3,2018,50.0,
1.0,Afghanistan,272,Badakhshan,266,Fayzabad,55,Bread - Retail,0.0,AFN,15,Retail,5,KG,4,2018,50.0,
1.0,Afghanistan,272,Badakhshan,266,Fayzabad,55,Bread - Retail,0.0,AFN,15,Retail,5,KG,5,2018,50.0,
1.0,Afghanistan,272,Badakhshan,266,Fayzabad,55,Bread - Retail,0.0,AFN,15,Retail,5,KG,6,2018,52.6,
1.0,Afghanistan,272,Badakhshan,266,Fayzabad,55,Bread - Retail,0.0,AFN,15,Retail,5,KG,7,2018,52.6225,
1.0,Afghanistan,272,Badakhshan,266,Fayzabad,55,Bread - Retail,0.0,AFN,15,Retail,5,KG,8,2018,50.0,
1.0,Afghanistan,272,Badakhshan,266,Fayzabad,55,Bread - Retail,0.0,AFN,15,Retail,5,KG,9,2018,50.0,
1.0,Afghanistan,272,Badakhshan,266,Fayzabad,55,Bread - Retail,0.0,AFN,15,Retail,5,KG,10,2018,50.0,
1.0,Afghanistan,272,Badakhshan,266,Fayzabad,55,Bread - Retail,0.0,AFN,15,Retail,5,KG,11,2018,50.0,
1.0,Afghanistan,272,Badakhshan,266,Fayzabad,55,Bread - Retail,0.0,AFN,15,Retail,5,KG,12,2018,50.0,
1.0,Afghanistan,272,Badakhshan,266,Fayzabad,55,Bread - Retail,0.0,AFN,15,Retail,5,KG,1,2019,50.0,
1.0,Afghanistan,272,Badakhshan,266,Fayzabad,55,Bread - Retail,0.0,AFN,15,Retail,5,KG,2,2019,50.0,
1.0,Afghanistan,272,Badakhshan,266,Fayzabad,55,Bread - Retail,0.0,AFN,15,Retail,5,KG,3,2019,50.0,
1.0,Afghanistan,272,Badakhshan,266,Fayzabad,55,Bread - Retail,0.0,AFN,15,Retail,5,KG,4,2019,50.0,
1.0,Afghanistan,272,Badakhshan,266,Fayzabad,55,Bread - Retail,0.0,AFN,15,Retail,5,KG,5,2019,50.0,
1.0,Afghanistan,272,Badakhshan,266,Fayzabad,55,Bread - Retail,0.0,AFN,15,Retail,5,KG,6,2019,50.0,
1.0,Afghanistan,272,Badakhshan,266,Fayzabad,55,Bread - Retail,0.0,AFN,15,Retail,5,KG,7,2019,50.0,
1.0,Afghanistan,272,Badakhshan,266,Fayzabad,55,Bread - Retail,0.0,AFN,15,Retail,5,KG,8,2019,50.0,
1.0,Afghanistan,272,Badakhshan,266,Fayzabad,55,Bread - Retail,0.0,AFN,15,Retail,5,KG,9,2019,50.0,
1.0,Afghanistan,272,Badakhshan,266,Fayzabad,55,Bread - Retail,0.0,AFN,15,Retail,5,KG,10,2019,50.0,
1.0,Afghanistan,272,Badakhshan,266,Fayzabad,55,Bread - Retail,0.0,AFN,15,Retail,5,KG,11,2019,50.0,
1.0,Afghanistan,272,Badakhshan,266,Fayzabad,55,Bread - Retail,0.0,AFN,15,Retail,5,KG,12,2019,50.0,
1.0,Afghanistan,272,Badakhshan,266,Fayzabad,55,Bread - Retail,0.0,AFN,15,Retail,5,KG,1,2020,50.0,
1.0,Afghanistan,272,Badakhshan,266,Fayzabad,55,Bread - Retail,0.0,AFN,15,Retail,5,KG,2,2020,50.0,
1.0,Afghanistan,272,Badakhshan,266,Fayzabad,55,Bread - Retail,0.0,AFN,15,Retail,5,KG,3,2020,50.0,
1.0,Afghanistan,272,Badakhshan,266,Fayzabad,55,Bread - Retail,0.0,AFN,15,Retail,5,KG,4,2020,50.0,
1.0,Afghanistan,272,Badakhshan,266,Fayzabad,84,Wheat - Retail,0.0,AFN,15,Retail,5,KG,1,2003,7.0,
1.0,Afghanistan,272,Badakhshan,266,Fayzabad,84,Wheat - Retail,0.0,AFN,15,Retail,5,KG,2,2003,6.0,
1.0,Afghanistan,272,Badakhshan,266,Fayzabad,84,Wheat - Retail,0.0,AFN,15,Retail,5,KG,3,2003,7.0,
1.0,Afghanistan,272,Badakhshan,266,Fayzabad,84,Wheat - Retail,0.0,AFN,15,Retail,5,KG,4,2003,6.0,
1.0,Afghanistan,272,Badakhshan,266,Fayzabad,84,Wheat - Retail,0.0,AFN,15,Retail,5,KG,5,2003,6.0,
1.0,Afghanistan,272,Badakhshan,266,Fayzabad,84,Wheat - Retail,0.0,AFN,15,Retail,5,KG,6,2003,7.0,
1.0,Afghanistan,272,Badakhshan,266,Fayzabad,84,Wheat - Retail,0.0,AFN,15,Retail,5,KG,7,2003,7.0,
1.0,Afghanistan,272,Badakhshan,266,Fayzabad,84,Wheat - Retail,0.0,AFN,15,Retail,5,KG,8,2003,7.275,
1.0,Afghanistan,272,Badakhshan,266,Fayzabad,84,Wheat - Retail,0.0,AFN,15,Retail,5,KG,9,2003,6.775,
1.0,Afghanistan,272,Badakhshan,266,Fayzabad,84,Wheat - Retail,0.0,AFN,15,Retail,5,KG,10,2003,7.175,
1.0,Afghanistan,272,Badakhshan,266,Fayzabad,84,Wheat - Retail,0.0,AFN,15,Retail,5,KG,11,2003,6.975,
1.0,Afghanistan,272,Badakhshan,266,Fayzabad,84,Wheat - Retail,0.0,AFN,15,Retail,5,KG,12,2003,6.225,
1.0,Afghanistan,272,Badakhshan,266,Fayzabad,84,Wheat - Retail,0.0,AFN,15,Retail,5,KG,1,2004,6.05,
1.0,Afghanistan,272,Badakhshan,266,Fayzabad,84,Wheat - Retail,0.0,AFN,15,Retail,5,KG,2,2004,6.8375,
1.0,Afghanistan,272,Badakhshan,266,Fayzabad,84,Wheat - Retail,0.0,AFN,15,Retail,5,KG,3,2004,8.625,
1.0,Afghanistan,272,Badakhshan,266,Fayzabad,84,Wheat - Retail,0.0,AFN,15,Retail,5,KG,4,2004,8.985,
1.0,Afghanistan,272,Badakhshan,266,Fayzabad,84,Wheat - Retail,0.0,AFN,15,Retail,5,KG,5,2004,7.6244,
1.0,Afghanistan,272,Badakhshan,266,Fayzabad,84,Wheat - Retail,0.0,AFN,15,Retail,5,KG,6,2004,9.4,
1.0,Afghanistan,272,Badakhshan,266,Fayzabad,84,Wheat - Retail,0.0,AFN,15,Retail,5,KG,7,2004,10.25,
1.0,Afghanistan,272,Badakhshan,266,Fayzabad,84,Wheat - Retail,0.0,AFN,15,Retail,5,KG,8,2004,11.75,
1.0,Afghanistan,272,Badakhshan,266,Fayzabad,84,Wheat - Retail,0.0,AFN,15,Retail,5,KG,9,2004,9.7561,
1.0,Afghanistan,272,Badakhshan,266,Fayzabad,84,Wheat - Retail,0.0,AFN,15,Retail,5,KG,10,2004,11.4,
1.0,Afghanistan,272,Badakhshan,266,Fayzabad,84,Wheat - Retail,0.0,AFN,15,Retail,5,KG,11,2004,11.1275,
1.0,Afghanistan,272,Badakhshan,266,Fayzabad,84,Wheat - Retail,0.0,AFN,15,Retail,5,KG,12,2004,11.2,
1.0,Afghanistan,272,Badakhshan,266,Fayzabad,84,Wheat - Retail,0.0,AFN,15,Retail,5,KG,1,2005,11.4,
1.0,Afghanistan,272,Badakhshan,266,Fayzabad,84,Wheat - Retail,0.0,AFN,15,Retail,5,KG,2,2005,11.4,
1.0,Afghanistan,272,Badakhshan,266,Fayzabad,84,Wheat - Retail,0.0,AFN,15,Retail,5,KG,3,2005,11.4,
1.0,Afghanistan,272,Badakhshan,266,Fayzabad,84,Wheat - Retail,0.0,AFN,15,Retail,5,KG,4,2005,11.4,
1.0,Afghanistan,272,Badakhshan,266,Fayzabad,84,Wheat - Retail,0.0,AFN,15,Retail,5,KG,5,2005,11.4,
1.0,Afghanistan,272,Badakhshan,266,Fayzabad,84,Wheat - Retail,0.0,AFN,15,Retail,5,KG,6,2005,11.435,
1.0,Afghanistan,272,Badakhshan,266,Fayzabad,84,Wheat - Retail,0.0,AFN,15,Retail,5,KG,7,2005,11.4225,
1.0,Afghanistan,272,Badakhshan,266,Fayzabad,84,Wheat - Retail,0.0,AFN,15,Retail,5,KG,8,2005,11.24,
1.0,Afghanistan,272,Badakhshan,266,Fayzabad,84,Wheat - Retail,0.0,AFN,15,Retail,5,KG,9,2005,11.55,
1.0,Afghanistan,272,Badakhshan,266,Fayzabad,84,Wheat - Retail,0.0,AFN,15,Retail,5,KG,10,2005,11.995,
1.0,Afghanistan,272,Badakhshan,266,Fayzabad,84,Wheat - Retail,0.0,AFN,15,Retail,5,KG,11,2005,12.175,
1.0,Afghanistan,272,Badakhshan,266,Fayzabad,84,Wheat - Retail,0.0,AFN,15,Retail,5,KG,12,2005,12.73,
1.0,Afghanistan,272,Badakhshan,266,Fayzabad,84,Wheat - Retail,0.0,AFN,15,Retail,5,KG,1,2006,13.625,
1.0,Afghanistan,272,Badakhshan,266,Fayzabad,84,Wheat - Retail,0.0,AFN,15,Retail,5,KG,2,2006,12.75,
1.0,Afghanistan,272,Badakhshan,266,Fayzabad,84,Wheat - Retail,0.0,AFN,15,Retail,5,KG,3,2006,14.125,
1.0,Afghanistan,272,Badakhshan,266,Fayzabad,84,Wheat - Retail,0.0,AFN,15,Retail,5,KG,4,2006,13.25,
1.0,Afghanistan,272,Badakhshan,266,Fayzabad,84,Wheat - Retail,0.0,AFN,15,Retail,5,KG,5,2006,13.625,
1.0,Afghanistan,272,Badakhshan,266,Fayzabad,84,Wheat - Retail,0.0,AFN,15,Retail,5,KG,6,2006,13.375,
1.0,Afghanistan,272,Badakhshan,266,Fayzabad,84,Wheat - Retail,0.0,AFN,15,Retail,5,KG,7,2006,12.95,
1.0,Afghanistan,272,Badakhshan,266,Fayzabad,84,Wheat - Retail,0.0,AFN,15,Retail,5,KG,8,2006,13.0,
1.0,Afghanistan,272,Badakhshan,266,Fayzabad,84,Wheat - Retail,0.0,AFN,15,Retail,5,KG,9,2006,13.75,
1.0,Afghanistan,272,Badakhshan,266,Fayzabad,84,Wheat - Retail,0.0,AFN,15,Retail,5,KG,10,2006,14.0,
1.0,Afghanistan,272,Badakhshan,266,Fayzabad,84,Wheat - Retail,0.0,AFN,15,Retail,5,KG,11,2006,14.3333,
1.0,Afghanistan,272,Badakhshan,266,Fayzabad,84,Wheat - Retail,0.0,AFN,15,Retail,5,KG,12,2006,15.0,
1.0,Afghanistan,272,Badakhshan,266,Fayzabad,84,Wheat - Retail,0.0,AFN,15,Retail,5,KG,1,2007,15.0,
1.0,Afghanistan,272,Badakhshan,266,Fayzabad,84,Wheat - Retail,0.0,AFN,15,Retail,5,KG,2,2007,15.25,
1.0,Afghanistan,272,Badakhshan,266,Fayzabad,84,Wheat - Retail,0.0,AFN,15,Retail,5,KG,3,2007,16.0,
1.0,Afghanistan,272,Badakhshan,266,Fayzabad,84,Wheat - Retail,0.0,AFN,15,Retail,5,KG,4,2007,16.0,
1.0,Afghanistan,272,Badakhshan,266,Fayzabad,84,Wheat - Retail,0.0,AFN,15,Retail,5,KG,5,2007,17.25,
1.0,Afghanistan,272,Badakhshan,266,Fayzabad,84,Wheat - Retail,0.0,AFN,15,Retail,5,KG,6,2007,23.375,
1.0,Afghanistan,272,Badakhshan,266,Fayzabad,84,Wheat - Retail,0.0,AFN,15,Retail,5,KG,7,2007,25.0,
1.0,Afghanistan,272,Badakhshan,266,Fayzabad,84,Wheat - Retail,0.0,AFN,15,Retail,5,KG,8,2007,24.0,
1.0,Afghanistan,272,Badakhshan,266,Fayzabad,84,Wheat - Retail,0.0,AFN,15,Retail,5,KG,9,2007,20.0,
1.0,Afghanistan,272,Badakhshan,266,Fayzabad,84,Wheat - Retail,0.0,AFN,15,Retail,5,KG,10,2007,18.35,
1.0,Afghanistan,272,Badakhshan,266,Fayzabad,84,Wheat - Retail,0.0,AFN,15,Retail,5,KG,11,2007,17.8,
1.0,Afghanistan,272,Badakhshan,266,Fayzabad,84,Wheat - Retail,0.0,AFN,15,Retail,5,KG,12,2007,20.85,
1.0,Afghanistan,272,Badakhshan,266,Fayzabad,84,Wheat - Retail,0.0,AFN,15,Retail,5,KG,1,2008,24.775,
1.0,Afghanistan,272,Badakhshan,266,Fayzabad,84,Wheat - Retail,0.0,AFN,15,Retail,5,KG,2,2008,24.3,
1.0,Afghanistan,272,Badakhshan,266,Fayzabad,84,Wheat - Retail,0.0,AFN,15,Retail,5,KG,3,2008,25.7,
1.0,Afghanistan,272,Badakhshan,266,Fayzabad,84,Wheat - Retail,0.0,AFN,15,Retail,5,KG,4,2008,37.275,
1.0,Afghanistan,272,Badakhshan,266,Fayzabad,84,Wheat - Retail,0.0,AFN,15,Retail,5,KG,5,2008,44.4,
1.0,Afghanistan,272,Badakhshan,266,Fayzabad,84,Wheat - Retail,0.0,AFN,15,Retail,5,KG,6,2008,33.0,
1.0,Afghanistan,272,Badakhshan,266,Fayzabad,84,Wheat - Retail,0.0,AFN,15,Retail,5,KG,7,2008,34.775,
1.0,Afghanistan,272,Badakhshan,266,Fayzabad,84,Wheat - Retail,0.0,AFN,15,Retail,5,KG,8,2008,34.95,
1.0,Afghanistan,272,Badakhshan,266,Fayzabad,84,Wheat - Retail,0.0,AFN,15,Retail,5,KG,9,2008,35.7,
1.0,Afghanistan,272,Badakhshan,266,Fayzabad,84,Wheat - Retail,0.0,AFN,15,Retail,5,KG,10,2008,32.3,
1.0,Afghanistan,272,Badakhshan,266,Fayzabad,84,Wheat - Retail,0.0,AFN,15,Retail,5,KG,11,2008,27.975,
1.0,Afghanistan,272,Badakhshan,266,Fayzabad,84,Wheat - Retail,0.0,AFN,15,Retail,5,KG,12,2008,27.11,
1.0,Afghanistan,272,Badakhshan,266,Fayzabad,84,Wheat - Retail,0.0,AFN,15,Retail,5,KG,1,2009,25.885,
1.0,Afghanistan,272,Badakhshan,266,Fayzabad,84,Wheat - Retail,0.0,AFN,15,Retail,5,KG,2,2009,22.85,
1.0,Afghanistan,272,Badakhshan,266,Fayzabad,84,Wheat - Retail,0.0,AFN,15,Retail,5,KG,3,2009,21.225,
1.0,Afghanistan,272,Badakhshan,266,Fayzabad,84,Wheat - Retail,0.0,AFN,15,Retail,5,KG,4,2009,21.2,
1.0,Afghanistan,272,Badakhshan,266,Fayzabad,84,Wheat - Retail,0.0,AFN,15,Retail,5,KG,5,2009,20.875,
1.0,Afghanistan,272,Badakhshan,266,Fayzabad,84,Wheat - Retail,0.0,AFN,15,Retail,5,KG,6,2009,20.7,
1.0,Afghanistan,272,Badakhshan,266,Fayzabad,84,Wheat - Retail,0.0,AFN,15,Retail,5,KG,7,2009,17.035,
1.0,Afghanistan,272,Badakhshan,266,Fayzabad,84,Wheat - Retail,0.0,AFN,15,Retail,5,KG,8,2009,17.14,
1.0,Afghanistan,272,Badakhshan,266,Fayzabad,84,Wheat - Retail,0.0,AFN,15,Retail,5,KG,9,2009,17.2,
1.0,Afghanistan,272,Badakhshan,266,Fayzabad,84,Wheat - Retail,0.0,AFN,15,Retail,5,KG,10,2009,17.14,
1.0,Afghanistan,272,Badakhshan,266,Fayzabad,84,Wheat - Retail,0.0,AFN,15,Retail,5,KG,11,2009,17.14,
1.0,Afghanistan,272,Badakhshan,266,Fayzabad,84,Wheat - Retail,0.0,AFN,15,Retail,5,KG,12,2009,16.06,
1.0,Afghanistan,272,Badakhshan,266,Fayzabad,84,Wheat - Retail,0.0,AFN,15,Retail,5,KG,1,2010,14.825,
1.0,Afghanistan,272,Badakhshan,266,Fayzabad,84,Wheat - Retail,0.0,AFN,15,Retail,5,KG,2,2010,14.6,
1.0,Afghanistan,272,Badakhshan,266,Fayzabad,84,Wheat - Retail,0.0,AFN,15,Retail,5,KG,3,2010,14.5,
1.0,Afghanistan,272,Badakhshan,266,Fayzabad,84,Wheat - Retail,0.0,AFN,15,Retail,5,KG,4,2010,14.325,
1.0,Afghanistan,272,Badakhshan,266,Fayzabad,84,Wheat - Retail,0.0,AFN,15,Retail,5,KG,5,2010,14.3,
1.0,Afghanistan,272,Badakhshan,266,Fayzabad,84,Wheat - Retail,0.0,AFN,15,Retail,5,KG,6,2010,13.9,
1.0,Afghanistan,272,Badakhshan,266,Fayzabad,84,Wheat - Retail,0.0,AFN,15,Retail,5,KG,7,2010,13.9,
1.0,Afghanistan,272,Badakhshan,266,Fayzabad,84,Wheat - Retail,0.0,AFN,15,Retail,5,KG,8,2010,15.2,
1.0,Afghanistan,272,Badakhshan,266,Fayzabad,84,Wheat - Retail,0.0,AFN,15,Retail,5,KG,9,2010,17.2,
1.0,Afghanistan,272,Badakhshan,266,Fayzabad,84,Wheat - Retail,0.0,AFN,15,Retail,5,KG,10,2010,17.2,
1.0,Afghanistan,272,Badakhshan,266,Fayzabad,84,Wheat - Retail,0.0,AFN,15,Retail,5,KG,11,2010,17.2,
1.0,Afghanistan,272,Badakhshan,266,Fayzabad,84,Wheat - Retail,0.0,AFN,15,Retail,5,KG,12,2010,18.6,
1.0,Afghanistan,272,Badakhshan,266,Fayzabad,84,Wheat - Retail,0.0,AFN,15,Retail,5,KG,1,2011,18.6,
1.0,Afghanistan,272,Badakhshan,266,Fayzabad,84,Wheat - Retail,0.0,AFN,15,Retail,5,KG,2,2011,18.6,
1.0,Afghanistan,272,Badakhshan,266,Fayzabad,84,Wheat - Retail,0.0,AFN,15,Retail,5,KG,3,2011,18.6,
1.0,Afghanistan,272,Badakhshan,266,Fayzabad,84,Wheat - Retail,0.0,AFN,15,Retail,5,KG,4,2011,19.65,
1.0,Afghanistan,272,Badakhshan,266,Fayzabad,84,Wheat - Retail,0.0,AFN,15,Retail,5,KG,5,2011,24.0,
1.0,Afghanistan,272,Badakhshan,266,Fayzabad,84,Wheat - Retail,0.0,AFN,15,Retail,5,KG,6,2011,22.325,
1.0,Afghanistan,272,Badakhshan,266,Fayzabad,84,Wheat - Retail,0.0,AFN,15,Retail,5,KG,7,2011,23.0,
1.0,Afghanistan,272,Badakhshan,266,Fayzabad,84,Wheat - Retail,0.0,AFN,15,Retail,5,KG,8,2011,23.0,
1.0,Afghanistan,272,Badakhshan,266,Fayzabad,84,Wheat - Retail,0.0,AFN,15,Retail,5,KG,9,2011,21.25,
1.0,Afghanistan,272,Badakhshan,266,Fayzabad,84,Wheat - Retail,0.0,AFN,15,Retail,5,KG,10,2011,21.0,
1.0,Afghanistan,272,Badakhshan,266,Fayzabad,84,Wheat - Retail,0.0,AFN,15,Retail,5,KG,11,2011,21.75,
1.0,Afghanistan,272,Badakhshan,266,Fayzabad,84,Wheat - Retail,0.0,AFN,15,Retail,5,KG,12,2011,22.0,
1.0,Afghanistan,272,Badakhshan,266,Fayzabad,84,Wheat - Retail,0.0,AFN,15,Retail,5,KG,1,2012,22.075,
1.0,Afghanistan,272,Badakhshan,266,Fayzabad,84,Wheat - Retail,0.0,AFN,15,Retail,5,KG,2,2012,22.0,
1.0,Afghanistan,272,Badakhshan,266,Fayzabad,84,Wheat - Retail,0.0,AFN,15,Retail,5,KG,3,2012,21.0,
1.0,Afghanistan,272,Badakhshan,266,Fayzabad,84,Wheat - Retail,0.0,AFN,15,Retail,5,KG,4,2012,18.5,
1.0,Afghanistan,272,Badakhshan,266,Fayzabad,84,Wheat - Retail,0.0,AFN,15,Retail,5,KG,5,2012,18.5,
1.0,Afghanistan,272,Badakhshan,266,Fayzabad,84,Wheat - Retail,0.0,AFN,15,Retail,5,KG,6,2012,18.2833,
1.0,Afghanistan,272,Badakhshan,266,Fayzabad,84,Wheat - Retail,0.0,AFN,15,Retail,5,KG,7,2012,17.0,
1.0,Afghanistan,272,Badakhshan,266,Fayzabad,84,Wheat - Retail,0.0,AFN,15,Retail,5,KG,8,2012,17.0,
1.0,Afghanistan,272,Badakhshan,266,Fayzabad,84,Wheat - Retail,0.0,AFN,15,Retail,5,KG,9,2012,17.3333,
1.0,Afghanistan,272,Badakhshan,266,Fayzabad,84,Wheat - Retail,0.0,AFN,15,Retail,5,KG,10,2012,19.05,
1.0,Afghanistan,272,Badakhshan,266,Fayzabad,84,Wheat - Retail,0.0,AFN,15,Retail,5,KG,11,2012,20.7,
1.0,Afghanistan,272,Badakhshan,266,Fayzabad,84,Wheat - Retail,0.0,AFN,15,Retail,5,KG,12,2012,20.7,
1.0,Afghanistan,272,Badakhshan,266,Fayzabad,84,Wheat - Retail,0.0,AFN,15,Retail,5,KG,1,2013,21.4,
1.0,Afghanistan,272,Badakhshan,266,Fayzabad,84,Wheat - Retail,0.0,AFN,15,Retail,5,KG,2,2013,21.4,
1.0,Afghanistan,272,Badakhshan,266,Fayzabad,84,Wheat - Retail,0.0,AFN,15,Retail,5,KG,3,2013,21.55,
1.0,Afghanistan,272,Badakhshan,266,Fayzabad,84,Wheat - Retail,0.0,AFN,15,Retail,5,KG,4,2013,22.0,
1.0,Afghanistan,272,Badakhshan,266,Fayzabad,84,Wheat - Retail,0.0,AFN,15,Retail,5,KG,5,2013,23.0,
1.0,Afghanistan,272,Badakhshan,266,Fayzabad,84,Wheat - Retail,0.0,AFN,15,Retail,5,KG,7,2013,19.0,
1.0,Afghanistan,272,Badakhshan,266,Fayzabad,84,Wheat - Retail,0.0,AFN,15,Retail,5,KG,8,2013,19.0,
1.0,Afghanistan,272,Badakhshan,266,Fayzabad,84,Wheat - Retail,0.0,AFN,15,Retail,5,KG,9,2013,19.25,
1.0,Afghanistan,272,Badakhshan,266,Fayzabad,84,Wheat - Retail,0.0,AFN,15,Retail,5,KG,10,2013,20.0,
1.0,Afghanistan,272,Badakhshan,266,Fayzabad,84,Wheat - Retail,0.0,AFN,15,Retail,5,KG,11,2013,20.0,
1.0,Afghanistan,272,Badakhshan,266,Fayzabad,84,Wheat - Retail,0.0,AFN,15,Retail,5,KG,12,2013,20.0,
1.0,Afghanistan,272,Badakhshan,266,Fayzabad,84,Wheat - Retail,0.0,AFN,15,Retail,5,KG,1,2014,20.75,
1.0,Afghanistan,272,Badakhshan,266,Fayzabad,84,Wheat - Retail,0.0,AFN,15,Retail,5,KG,2,2014,21.9375,
1.0,Afghanistan,272,Badakhshan,266,Fayzabad,84,Wheat - Retail,0.0,AFN,15,Retail,5,KG,3,2014,22.0,
1.0,Afghanistan,272,Badakhshan,266,Fayzabad,84,Wheat - Retail,0.0,AFN,15,Retail,5,KG,4,2014,24.3,
1.0,Afghanistan,272,Badakhshan,266,Fayzabad,84,Wheat - Retail,0.0,AFN,15,Retail,5,KG,5,2014,25.5,
1.0,Afghanistan,272,Badakhshan,266,Fayzabad,84,Wheat - Retail,0.0,AFN,15,Retail,5,KG,6,2014,25.0,
1.0,Afghanistan,272,Badakhshan,266,Fayzabad,84,Wheat - Retail,0.0,AFN,15,Retail,5,KG,7,2014,23.0,
1.0,Afghanistan,272,Badakhshan,266,Fayzabad,84,Wheat - Retail,0.0,AFN,15,Retail,5,KG,8,2014,21.5,
1.0,Afghanistan,272,Badakhshan,266,Fayzabad,84,Wheat - Retail,0.0,AFN,15,Retail,5,KG,9,2014,21.0,
1.0,Afghanistan,272,Badakhshan,266,Fayzabad,84,Wheat - Retail,0.0,AFN,15,Retail,5,KG,10,2014,21.875,
1.0,Afghanistan,272,Badakhshan,266,Fayzabad,84,Wheat - Retail,0.0,AFN,15,Retail,5,KG,11,2014,25.0,
1.0,Afghanistan,272,Badakhshan,266,Fayzabad,84,Wheat - Retail,0.0,AFN,15,Retail,5,KG,12,2014,25.0,
1.0,Afghanistan,272,Badakhshan,266,Fayzabad,84,Wheat - Retail,0.0,AFN,15,Retail,5,KG,1,2015,25.0,
1.0,Afghanistan,272,Badakhshan,266,Fayzabad,84,Wheat - Retail,0.0,AFN,15,Retail,5,KG,2,2015,25.0,
1.0,Afghanistan,272,Badakhshan,266,Fayzabad,84,Wheat - Retail,0.0,AFN,15,Retail,5,KG,3,2015,25.0,
1.0,Afghanistan,272,Badakhshan,266,Fayzabad,84,Wheat - Retail,0.0,AFN,15,Retail,5,KG,4,2015,25.0,
1.0,Afghanistan,272,Badakhshan,266,Fayzabad,84,Wheat - Retail,0.0,AFN,15,Retail,5,KG,5,2015,24.75,
1.0,Afghanistan,272,Badakhshan,266,Fayzabad,84,Wheat - Retail,0.0,AFN,15,Retail,5,KG,6,2015,23.0,
1.0,Afghanistan,272,Badakhshan,266,Fayzabad,84,Wheat - Retail,0.0,AFN,15,Retail,5,KG,7,2015,23.0,
1.0,Afghanistan,272,Badakhshan,266,Fayzabad,84,Wheat - Retail,0.0,AFN,15,Retail,5,KG,8,2015,23.0,
1.0,Afghanistan,272,Badakhshan,266,Fayzabad,84,Wheat - Retail,0.0,AFN,15,Retail,5,KG,9,2015,23.8,
1.0,Afghanistan,272,Badakhshan,266,Fayzabad,84,Wheat - Retail,0.0,AFN,15,Retail,5,KG,10,2015,24.0,
1.0,Afghanistan,272,Badakhshan,266,Fayzabad,84,Wheat - Retail,0.0,AFN,15,Retail,5,KG,11,2015,25.0,
1.0,Afghanistan,272,Badakhshan,266,Fayzabad,84,Wheat - Retail,0.0,AFN,15,Retail,5,KG,12,2015,25.75,
1.0,Afghanistan,272,Badakhshan,266,Fayzabad,84,Wheat - Retail,0.0,AFN,15,Retail,5,KG,1,2016,26.75,
1.0,Afghanistan,272,Badakhshan,266,Fayzabad,84,Wheat - Retail,0.0,AFN,15,Retail,5,KG,3,2016,26.0,
1.0,Afghanistan,272,Badakhshan,266,Fayzabad,84,Wheat - Retail,0.0,AFN,15,Retail,5,KG,4,2016,26.0,
1.0,Afghanistan,272,Badakhshan,266,Fayzabad,84,Wheat - Retail,0.0,AFN,15,Retail,5,KG,5,2016,25.25,
1.0,Afghanistan,272,Badakhshan,266,Fayzabad,84,Wheat - Retail,0.0,AFN,15,Retail,5,KG,6,2016,25.0,
1.0,Afghanistan,272,Badakhshan,266,Fayzabad,84,Wheat - Retail,0.0,AFN,15,Retail,5,KG,7,2016,25.75,
1.0,Afghanistan,272,Badakhshan,266,Fayzabad,84,Wheat - Retail,0.0,AFN,15,Retail,5,KG,8,2016,25.0,
1.0,Afghanistan,272,Badakhshan,266,Fayzabad,84,Wheat - Retail,0.0,AFN,15,Retail,5,KG,9,2016,24.5,
1.0,Afghanistan,272,Badakhshan,266,Fayzabad,84,Wheat - Retail,0.0,AFN,15,Retail,5,KG,10,2016,24.25,
1.0,Afghanistan,272,Badakhshan,266,Fayzabad,84,Wheat - Retail,0.0,AFN,15,Retail,5,KG,11,2016,24.25,
1.0,Afghanistan,272,Badakhshan,266,Fayzabad,84,Wheat - Retail,0.0,AFN,15,Retail,5,KG,12,2016,25.25,
1.0,Afghanistan,272,Badakhshan,266,Fayzabad,84,Wheat - Retail,0.0,AFN,15,Retail,5,KG,1,2017,25.0,
1.0,Afghanistan,272,Badakhshan,266,Fayzabad,84,Wheat - Retail,0.0,AFN,15,Retail,5,KG,2,2017,25.0,
1.0,Afghanistan,272,Badakhshan,266,Fayzabad,84,Wheat - Retail,0.0,AFN,15,Retail,5,KG,3,2017,25.0,
1.0,Afghanistan,272,Badakhshan,266,Fayzabad,84,Wheat - Retail,0.0,AFN,15,Retail,5,KG,4,2017,25.0,
1.0,Afghanistan,272,Badakhshan,266,Fayzabad,84,Wheat - Retail,0.0,AFN,15,Retail,5,KG,5,2017,25.0,
1.0,Afghanistan,272,Badakhshan,266,Fayzabad,84,Wheat - Retail,0.0,AFN,15,Retail,5,KG,6,2017,24.5,
1.0,Afghanistan,272,Badakhshan,266,Fayzabad,84,Wheat - Retail,0.0,AFN,15,Retail,5,KG,7,2017,23.0,
1.0,Afghanistan,272,Badakhshan,266,Fayzabad,84,Wheat - Retail,0.0,AFN,15,Retail,5,KG,8,2017,23.125,
1.0,Afghanistan,272,Badakhshan,266,Fayzabad,84,Wheat - Retail,0.0,AFN,15,Retail,5,KG,9,2017,23.125,
1.0,Afghanistan,272,Badakhshan,266,Fayzabad,84,Wheat - Retail,0.0,AFN,15,Retail,5,KG,10,2017,22.75,
1.0,Afghanistan,272,Badakhshan,266,Fayzabad,84,Wheat - Retail,0.0,AFN,15,Retail,5,KG,11,2017,22.0,
1.0,Afghanistan,272,Badakhshan,266,Fayzabad,84,Wheat - Retail,0.0,AFN,15,Retail,5,KG,12,2017,22.75,
1.0,Afghanistan,272,Badakhshan,266,Fayzabad,84,Wheat - Retail,0.0,AFN,15,Retail,5,KG,1,2018,23.5,
1.0,Afghanistan,272,Badakhshan,266,Fayzabad,84,Wheat - Retail,0.0,AFN,15,Retail,5,KG,2,2018,23.0,
1.0,Afghanistan,272,Badakhshan,266,Fayzabad,84,Wheat - Retail,0.0,AFN,15,Retail,5,KG,3,2018,23.0,
1.0,Afghanistan,272,Badakhshan,266,Fayzabad,84,Wheat - Retail,0.0,AFN,15,Retail,5,KG,4,2018,24.5,
1.0,Afghanistan,272,Badakhshan,266,Fayzabad,84,Wheat - Retail,0.0,AFN,15,Retail,5,KG,5,2018,24.5,
1.0,Afghanistan,272,Badakhshan,266,Fayzabad,84,Wheat - Retail,0.0,AFN,15,Retail,5,KG,6,2018,23.0,
1.0,Afghanistan,272,Badakhshan,266,Fayzabad,84,Wheat - Retail,0.0,AFN,15,Retail,5,KG,7,2018,23.75,
1.0,Afghanistan,272,Badakhshan,266,Fayzabad,84,Wheat - Retail,0.0,AFN,15,Retail,5,KG,8,2018,22.9,
1.0,Afghanistan,272,Badakhshan,266,Fayzabad,84,Wheat - Retail,0.0,AFN,15,Retail,5,KG,9,2018,22.9625,
1.0,Afghanistan,272,Badakhshan,266,Fayzabad,84,Wheat - Retail,0.0,AFN,15,Retail,5,KG,10,2018,22.825,
1.0,Afghanistan,272,Badakhshan,266,Fayzabad,84,Wheat - Retail,0.0,AFN,15,Retail,5,KG,11,2018,22.625,
1.0,Afghanistan,272,Badakhshan,266,Fayzabad,84,Wheat - Retail,0.0,AFN,15,Retail,5,KG,12,2018,22.875,
1.0,Afghanistan,272,Badakhshan,266,Fayzabad,84,Wheat - Retail,0.0,AFN,15,Retail,5,KG,1,2019,22.75,
1.0,Afghanistan,272,Badakhshan,266,Fayzabad,84,Wheat - Retail,0.0,AFN,15,Retail,5,KG,2,2019,22.0,
1.0,Afghanistan,272,Badakhshan,266,Fayzabad,84,Wheat - Retail,0.0,AFN,15,Retail,5,KG,3,2019,23.875,
1.0,Afghanistan,272,Badakhshan,266,Fayzabad,84,Wheat - Retail,0.0,AFN,15,Retail,5,KG,4,2019,25.125,
1.0,Afghanistan,272,Badakhshan,266,Fayzabad,84,Wheat - Retail,0.0,AFN,15,Retail,5,KG,5,2019,25.75,
1.0,Afghanistan,272,Badakhshan,266,Fayzabad,84,Wheat - Retail,0.0,AFN,15,Retail,5,KG,6,2019,25.75,
1.0,Afghanistan,272,Badakhshan,266,Fayzabad,84,Wheat - Retail,0.0,AFN,15,Retail,5,KG,7,2019,25.375,
1.0,Afghanistan,272,Badakhshan,266,Fayzabad,84,Wheat - Retail,0.0,AFN,15,Retail,5,KG,8,2019,24.5,
1.0,Afghanistan,272,Badakhshan,266,Fayzabad,84,Wheat - Retail,0.0,AFN,15,Retail,5,KG,9,2019,24.0,
1.0,Afghanistan,272,Badakhshan,266,Fayzabad,84,Wheat - Retail,0.0,AFN,15,Retail,5,KG,10,2019,24.0,
1.0,Afghanistan,272,Badakhshan,266,Fayzabad,84,Wheat - Retail,0.0,AFN,15,Retail,5,KG,11,2019,25.0,
1.0,Afghanistan,272,Badakhshan,266,Fayzabad,84,Wheat - Retail,0.0,AFN,15,Retail,5,KG,12,2019,25.0,
1.0,Afghanistan,272,Badakhshan,266,Fayzabad,84,Wheat - Retail,0.0,AFN,15,Retail,5,KG,1,2020,25.375,
1.0,Afghanistan,272,Badakhshan,266,Fayzabad,84,Wheat - Retail,0.0,AFN,15,Retail,5,KG,2,2020,26.75,
1.0,Afghanistan,272,Badakhshan,266,Fayzabad,84,Wheat - Retail,0.0,AFN,15,Retail,5,KG,3,2020,29.05,
1.0,Afghanistan,272,Badakhshan,266,Fayzabad,84,Wheat - Retail,0.0,AFN,15,Retail,5,KG,4,2020,31.4,
1.0,Afghanistan,272,Badakhshan,266,Fayzabad,145,Rice (low quality) - Retail,0.0,AFN,15,Retail,5,KG,1,2007,24.0,
1.0,Afghanistan,272,Badakhshan,266,Fayzabad,145,Rice (low quality) - Retail,0.0,AFN,15,Retail,5,KG,2,2007,24.0,
1.0,Afghanistan,272,Badakhshan,266,Fayzabad,145,Rice (low quality) - Retail,0.0,AFN,15,Retail,5,KG,3,2007,25.25,
1.0,Afghanistan,272,Badakhshan,266,Fayzabad,145,Rice (low quality) - Retail,0.0,AFN,15,Retail,5,KG,4,2007,26.0,
1.0,Afghanistan,272,Badakhshan,266,Fayzabad,145,Rice (low quality) - Retail,0.0,AFN,15,Retail,5,KG,5,2007,41.75,
1.0,Afghanistan,272,Badakhshan,266,Fayzabad,145,Rice (low quality) - Retail,0.0,AFN,15,Retail,5,KG,6,2007,40.5,
1.0,Afghanistan,272,Badakhshan,266,Fayzabad,145,Rice (low quality) - Retail,0.0,AFN,15,Retail,5,KG,7,2007,40.0,
1.0,Afghanistan,272,Badakhshan,266,Fayzabad,145,Rice (low quality) - Retail,0.0,AFN,15,Retail,5,KG,8,2007,39.0,
1.0,Afghanistan,272,Badakhshan,266,Fayzabad,145,Rice (low quality) - Retail,0.0,AFN,15,Retail,5,KG,9,2007,35.5,
1.0,Afghanistan,272,Badakhshan,266,Fayzabad,145,Rice (low quality) - Retail,0.0,AFN,15,Retail,5,KG,10,2007,36.5,
1.0,Afghanistan,272,Badakhshan,266,Fayzabad,145,Rice (low quality) - Retail,0.0,AFN,15,Retail,5,KG,11,2007,36.5,
1.0,Afghanistan,272,Badakhshan,266,Fayzabad,145,Rice (low quality) - Retail,0.0,AFN,15,Retail,5,KG,12,2007,38.625,
1.0,Afghanistan,272,Badakhshan,266,Fayzabad,145,Rice (low quality) - Retail,0.0,AFN,15,Retail,5,KG,1,2008,44.5,
1.0,Afghanistan,272,Badakhshan,266,Fayzabad,145,Rice (low quality) - Retail,0.0,AFN,15,Retail,5,KG,2,2008,45.5,
1.0,Afghanistan,272,Badakhshan,266,Fayzabad,145,Rice (low quality) - Retail,0.0,AFN,15,Retail,5,KG,3,2008,45.0,
1.0,Afghanistan,272,Badakhshan,266,Fayzabad,145,Rice (low quality) - Retail,0.0,AFN,15,Retail,5,KG,5,2008,58.25,
1.0,Afghanistan,272,Badakhshan,266,Fayzabad,145,Rice (low quality) - Retail,0.0,AFN,15,Retail,5,KG,6,2008,54.05,
1.0,Afghanistan,272,Badakhshan,266,Fayzabad,145,Rice (low quality) - Retail,0.0,AFN,15,Retail,5,KG,7,2008,55.15,
1.0,Afghanistan,272,Badakhshan,266,Fayzabad,145,Rice (low quality) - Retail,0.0,AFN,15,Retail,5,KG,8,2008,58.25,
1.0,Afghanistan,272,Badakhshan,266,Fayzabad,145,Rice (low quality) - Retail,0.0,AFN,15,Retail,5,KG,9,2008,64.0,
1.0,Afghanistan,272,Badakhshan,266,Fayzabad,145,Rice (low quality) - Retail,0.0,AFN,15,Retail,5,KG,10,2008,67.75,
1.0,Afghanistan,272,Badakhshan,266,Fayzabad,145,Rice (low quality) - Retail,0.0,AFN,15,Retail,5,KG,11,2008,64.0,
1.0,Afghanistan,272,Badakhshan,266,Fayzabad,145,Rice (low quality) - Retail,0.0,AFN,15,Retail,5,KG,12,2008,64.0,
1.0,Afghanistan,272,Badakhshan,266,Fayzabad,145,Rice (low quality) - Retail,0.0,AFN,15,Retail,5,KG,1,2009,68.5,
1.0,Afghanistan,272,Badakhshan,266,Fayzabad,145,Rice (low quality) - Retail,0.0,AFN,15,Retail,5,KG,2,2009,57.25,
1.0,Afghanistan,272,Badakhshan,266,Fayzabad,145,Rice (low quality) - Retail,0.0,AFN,15,Retail,5,KG,3,2009,53.5,
1.0,Afghanistan,272,Badakhshan,266,Fayzabad,145,Rice (low quality) - Retail,0.0,AFN,15,Retail,5,KG,4,2009,54.0,
1.0,Afghanistan,272,Badakhshan,266,Fayzabad,145,Rice (low quality) - Retail,0.0,AFN,15,Retail,5,KG,5,2009,54.0,
1.0,Afghanistan,272,Badakhshan,266,Fayzabad,145,Rice (low quality) - Retail,0.0,AFN,15,Retail,5,KG,6,2009,53.5,
1.0,Afghanistan,272,Badakhshan,266,Fayzabad,145,Rice (low quality) - Retail,0.0,AFN,15,Retail,5,KG,7,2009,53.5,
1.0,Afghanistan,272,Badakhshan,266,Fayzabad,145,Rice (low quality) - Retail,0.0,AFN,15,Retail,5,KG,8,2009,53.5,
1.0,Afghanistan,272,Badakhshan,266,Fayzabad,145,Rice (low quality) - Retail,0.0,AFN,15,Retail,5,KG,9,2009,53.5,
1.0,Afghanistan,272,Badakhshan,266,Fayzabad,145,Rice (low quality) - Retail,0.0,AFN,15,Retail,5,KG,10,2009,48.175,
1.0,Afghanistan,272,Badakhshan,266,Fayzabad,145,Rice (low quality) - Retail,0.0,AFN,15,Retail,5,KG,11,2009,46.4,
1.0,Afghanistan,272,Badakhshan,266,Fayzabad,145,Rice (low quality) - Retail,0.0,AFN,15,Retail,5,KG,12,2009,42.8,
1.0,Afghanistan,272,Badakhshan,266,Fayzabad,145,Rice (low quality) - Retail,0.0,AFN,15,Retail,5,KG,1,2010,41.9,
1.0,Afghanistan,272,Badakhshan,266,Fayzabad,145,Rice (low quality) - Retail,0.0,AFN,15,Retail,5,KG,2,2010,41.4,
1.0,Afghanistan,272,Badakhshan,266,Fayzabad,145,Rice (low quality) - Retail,0.0,AFN,15,Retail,5,KG,3,2010,41.4,
1.0,Afghanistan,272,Badakhshan,266,Fayzabad,145,Rice (low quality) - Retail,0.0,AFN,15,Retail,5,KG,4,2010,41.05,
1.0,Afghanistan,272,Badakhshan,266,Fayzabad,145,Rice (low quality) - Retail,0.0,AFN,15,Retail,5,KG,5,2010,41.4,
1.0,Afghanistan,272,Badakhshan,266,Fayzabad,145,Rice (low quality) - Retail,0.0,AFN,15,Retail,5,KG,6,2010,41.85,
1.0,Afghanistan,272,Badakhshan,266,Fayzabad,145,Rice (low quality) - Retail,0.0,AFN,15,Retail,5,KG,7,2010,42.0,
1.0,Afghanistan,272,Badakhshan,266,Fayzabad,145,Rice (low quality) - Retail,0.0,AFN,15,Retail,5,KG,8,2010,43.15,
1.0,Afghanistan,272,Badakhshan,266,Fayzabad,145,Rice (low quality) - Retail,0.0,AFN,15,Retail,5,KG,9,2010,44.3,
1.0,Afghanistan,272,Badakhshan,266,Fayzabad,145,Rice (low quality) - Retail,0.0,AFN,15,Retail,5,KG,10,2010,44.3,
1.0,Afghanistan,272,Badakhshan,266,Fayzabad,145,Rice (low quality) - Retail,0.0,AFN,15,Retail,5,KG,11,2010,44.3,
1.0,Afghanistan,272,Badakhshan,266,Fayzabad,145,Rice (low quality) - Retail,0.0,AFN,15,Retail,5,KG,12,2010,44.3,
1.0,Afghanistan,272,Badakhshan,266,Fayzabad,145,Rice (low quality) - Retail,0.0,AFN,15,Retail,5,KG,1,2011,44.3,
1.0,Afghanistan,272,Badakhshan,266,Fayzabad,145,Rice (low quality) - Retail,0.0,AFN,15,Retail,5,KG,2,2011,44.3,
1.0,Afghanistan,272,Badakhshan,266,Fayzabad,145,Rice (low quality) - Retail,0.0,AFN,15,Retail,5,KG,3,2011,44.3,
1.0,Afghanistan,272,Badakhshan,266,Fayzabad,145,Rice (low quality) - Retail,0.0,AFN,15,Retail,5,KG,4,2011,44.1,
1.0,Afghanistan,272,Badakhshan,266,Fayzabad,145,Rice (low quality) - Retail,0.0,AFN,15,Retail,5,KG,5,2011,47.45,
1.0,Afghanistan,272,Badakhshan,266,Fayzabad,145,Rice (low quality) - Retail,0.0,AFN,15,Retail,5,KG,6,2011,48.825,
1.0,Afghanistan,272,Badakhshan,266,Fayzabad,145,Rice (low quality) - Retail,0.0,AFN,15,Retail,5,KG,7,2011,49.0,
1.0,Afghanistan,272,Badakhshan,266,Fayzabad,145,Rice (low quality) - Retail,0.0,AFN,15,Retail,5,KG,8,2011,49.0,
1.0,Afghanistan,272,Badakhshan,266,Fayzabad,145,Rice (low quality) - Retail,0.0,AFN,15,Retail,5,KG,9,2011,49.0,
1.0,Afghanistan,272,Badakhshan,266,Fayzabad,145,Rice (low quality) - Retail,0.0,AFN,15,Retail,5,KG,10,2011,49.0,
1.0,Afghanistan,272,Badakhshan,266,Fayzabad,145,Rice (low quality) - Retail,0.0,AFN,15,Retail,5,KG,11,2011,49.0,
1.0,Afghanistan,272,Badakhshan,266,Fayzabad,145,Rice (low quality) - Retail,0.0,AFN,15,Retail,5,KG,12,2011,49.0,
1.0,Afghanistan,272,Badakhshan,266,Fayzabad,145,Rice (low quality) - Retail,0.0,AFN,15,Retail,5,KG,1,2012,49.0,
1.0,Afghanistan,272,Badakhshan,266,Fayzabad,145,Rice (low quality) - Retail,0.0,AFN,15,Retail,5,KG,2,2012,49.0,
1.0,Afghanistan,272,Badakhshan,266,Fayzabad,145,Rice (low quality) - Retail,0.0,AFN,15,Retail,5,KG,3,2012,46.0,
1.0,Afghanistan,272,Badakhshan,266,Fayzabad,145,Rice (low quality) - Retail,0.0,AFN,15,Retail,5,KG,4,2012,45.0,
1.0,Afghanistan,272,Badakhshan,266,Fayzabad,145,Rice (low quality) - Retail,0.0,AFN,15,Retail,5,KG,5,2012,46.75,
1.0,Afghanistan,272,Badakhshan,266,Fayzabad,145,Rice (low quality) - Retail,0.0,AFN,15,Retail,5,KG,6,2012,52.0,
1.0,Afghanistan,272,Badakhshan,266,Fayzabad,145,Rice (low quality) - Retail,0.0,AFN,15,Retail,5,KG,7,2012,52.0,
1.0,Afghanistan,272,Badakhshan,266,Fayzabad,145,Rice (low quality) - Retail,0.0,AFN,15,Retail,5,KG,8,2012,52.375,
1.0,Afghanistan,272,Badakhshan,266,Fayzabad,145,Rice (low quality) - Retail,0.0,AFN,15,Retail,5,KG,9,2012,53.5,
1.0,Afghanistan,272,Badakhshan,266,Fayzabad,145,Rice (low quality) - Retail,0.0,AFN,15,Retail,5,KG,10,2012,53.85,
1.0,Afghanistan,272,Badakhshan,266,Fayzabad,145,Rice (low quality) - Retail,0.0,AFN,15,Retail,5,KG,11,2012,54.2,
1.0,Afghanistan,272,Badakhshan,266,Fayzabad,145,Rice (low quality) - Retail,0.0,AFN,15,Retail,5,KG,12,2012,54.2,
1.0,Afghanistan,272,Badakhshan,266,Fayzabad,145,Rice (low quality) - Retail,0.0,AFN,15,Retail,5,KG,2,2013,54.2,
1.0,Afghanistan,272,Badakhshan,266,Fayzabad,145,Rice (low quality) - Retail,0.0,AFN,15,Retail,5,KG,3,2013,54.2,
1.0,Afghanistan,272,Badakhshan,266,Fayzabad,145,Rice (low quality) - Retail,0.0,AFN,15,Retail,5,KG,4,2013,54.2,
1.0,Afghanistan,272,Badakhshan,266,Fayzabad,145,Rice (low quality) - Retail,0.0,AFN,15,Retail,5,KG,5,2013,54.2,
1.0,Afghanistan,272,Badakhshan,266,Fayzabad,145,Rice (low quality) - Retail,0.0,AFN,15,Retail,5,KG,7,2013,50.25,
1.0,Afghanistan,272,Badakhshan,266,Fayzabad,145,Rice (low quality) - Retail,0.0,AFN,15,Retail,5,KG,8,2013,50.0,
1.0,Afghanistan,272,Badakhshan,266,Fayzabad,145,Rice (low quality) - Retail,0.0,AFN,15,Retail,5,KG,9,2013,49.0,
1.0,Afghanistan,272,Badakhshan,266,Fayzabad,145,Rice (low quality) - Retail,0.0,AFN,15,Retail,5,KG,10,2013,49.0,
1.0,Afghanistan,272,Badakhshan,266,Fayzabad,145,Rice (low quality) - Retail,0.0,AFN,15,Retail,5,KG,11,2013,50.75,
1.0,Afghanistan,272,Badakhshan,266,Fayzabad,145,Rice (low quality) - Retail,0.0,AFN,15,Retail,5,KG,12,2013,53.0,
1.0,Afghanistan,272,Badakhshan,266,Fayzabad,145,Rice (low quality) - Retail,0.0,AFN,15,Retail,5,KG,1,2014,51.5,
1.0,Afghanistan,272,Badakhshan,266,Fayzabad,145,Rice (low quality) - Retail,0.0,AFN,15,Retail,5,KG,2,2014,50.0,
1.0,Afghanistan,272,Badakhshan,266,Fayzabad,145,Rice (low quality) - Retail,0.0,AFN,15,Retail,5,KG,3,2014,50.0,
1.0,Afghanistan,272,Badakhshan,266,Fayzabad,145,Rice (low quality) - Retail,0.0,AFN,15,Retail,5,KG,4,2014,50.0,
1.0,Afghanistan,272,Badakhshan,266,Fayzabad,145,Rice (low quality) - Retail,0.0,AFN,15,Retail,5,KG,5,2014,50.0,
1.0,Afghanistan,272,Badakhshan,266,Fayzabad,145,Rice (low quality) - Retail,0.0,AFN,15,Retail,5,KG,6,2014,50.75,
1.0,Afghanistan,272,Badakhshan,266,Fayzabad,145,Rice (low quality) - Retail,0.0,AFN,15,Retail,5,KG,7,2014,50.0,
1.0,Afghanistan,272,Badakhshan,266,Fayzabad,145,Rice (low quality) - Retail,0.0,AFN,15,Retail,5,KG,8,2014,48.5,
1.0,Afghanistan,272,Badakhshan,266,Fayzabad,145,Rice (low quality) - Retail,0.0,AFN,15,Retail,5,KG,9,2014,47.0,
1.0,Afghanistan,272,Badakhshan,266,Fayzabad,145,Rice (low quality) - Retail,0.0,AFN,15,Retail,5,KG,10,2014,47.0,
1.0,Afghanistan,272,Badakhshan,266,Fayzabad,145,Rice (low quality) - Retail,0.0,AFN,15,Retail,5,KG,11,2014,47.25,
1.0,Afghanistan,272,Badakhshan,266,Fayzabad,145,Rice (low quality) - Retail,0.0,AFN,15,Retail,5,KG,12,2014,49.0,
1.0,Afghanistan,272,Badakhshan,266,Fayzabad,145,Rice (low quality) - Retail,0.0,AFN,15,Retail,5,KG,1,2015,50.0,
1.0,Afghanistan,272,Badakhshan,266,Fayzabad,145,Rice (low quality) - Retail,0.0,AFN,15,Retail,5,KG,2,2015,50.0,
1.0,Afghanistan,272,Badakhshan,266,Fayzabad,145,Rice (low quality) - Retail,0.0,AFN,15,Retail,5,KG,3,2015,49.0,
1.0,Afghanistan,272,Badakhshan,266,Fayzabad,145,Rice (low quality) - Retail,0.0,AFN,15,Retail,5,KG,4,2015,48.0,
1.0,Afghanistan,272,Badakhshan,266,Fayzabad,145,Rice (low quality) - Retail,0.0,AFN,15,Retail,5,KG,5,2015,48.0,
1.0,Afghanistan,272,Badakhshan,266,Fayzabad,145,Rice (low quality) - Retail,0.0,AFN,15,Retail,5,KG,6,2015,48.0,
1.0,Afghanistan,272,Badakhshan,266,Fayzabad,145,Rice (low quality) - Retail,0.0,AFN,15,Retail,5,KG,7,2015,46.0,
1.0,Afghanistan,272,Badakhshan,266,Fayzabad,145,Rice (low quality) - Retail,0.0,AFN,15,Retail,5,KG,8,2015,46.0,
1.0,Afghanistan,272,Badakhshan,266,Fayzabad,145,Rice (low quality) - Retail,0.0,AFN,15,Retail,5,KG,9,2015,46.0,
1.0,Afghanistan,272,Badakhshan,266,Fayzabad,145,Rice (low quality) - Retail,0.0,AFN,15,Retail,5,KG,10,2015,47.25,
1.0,Afghanistan,272,Badakhshan,266,Fayzabad,145,Rice (low quality) - Retail,0.0,AFN,15,Retail,5,KG,11,2015,46.0,
1.0,Afghanistan,272,Badakhshan,266,Fayzabad,145,Rice (low quality) - Retail,0.0,AFN,15,Retail,5,KG,12,2015,45.0,
1.0,Afghanistan,272,Badakhshan,266,Fayzabad,145,Rice (low quality) - Retail,0.0,AFN,15,Retail,5,KG,1,2016,46.5,
1.0,Afghanistan,272,Badakhshan,266,Fayzabad,145,Rice (low quality) - Retail,0.0,AFN,15,Retail,5,KG,3,2016,47.0,
1.0,Afghanistan,272,Badakhshan,266,Fayzabad,145,Rice (low quality) - Retail,0.0,AFN,15,Retail,5,KG,4,2016,46.5,
1.0,Afghanistan,272,Badakhshan,266,Fayzabad,145,Rice (low quality) - Retail,0.0,AFN,15,Retail,5,KG,5,2016,40.5,
1.0,Afghanistan,272,Badakhshan,266,Fayzabad,145,Rice (low quality) - Retail,0.0,AFN,15,Retail,5,KG,6,2016,43.0,
1.0,Afghanistan,272,Badakhshan,266,Fayzabad,145,Rice (low quality) - Retail,0.0,AFN,15,Retail,5,KG,7,2016,45.0,
1.0,Afghanistan,272,Badakhshan,266,Fayzabad,145,Rice (low quality) - Retail,0.0,AFN,15,Retail,5,KG,8,2016,43.5,
1.0,Afghanistan,272,Badakhshan,266,Fayzabad,145,Rice (low quality) - Retail,0.0,AFN,15,Retail,5,KG,9,2016,45.0,
1.0,Afghanistan,272,Badakhshan,266,Fayzabad,145,Rice (low quality) - Retail,0.0,AFN,15,Retail,5,KG,10,2016,49.5,
1.0,Afghanistan,272,Badakhshan,266,Fayzabad,145,Rice (low quality) - Retail,0.0,AFN,15,Retail,5,KG,11,2016,48.0,
1.0,Afghanistan,272,Badakhshan,266,Fayzabad,145,Rice (low quality) - Retail,0.0,AFN,15,Retail,5,KG,12,2016,48.5,
1.0,Afghanistan,272,Badakhshan,266,Fayzabad,145,Rice (low quality) - Retail,0.0,AFN,15,Retail,5,KG,1,2017,48.0,
1.0,Afghanistan,272,Badakhshan,266,Fayzabad,145,Rice (low quality) - Retail,0.0,AFN,15,Retail,5,KG,2,2017,48.75,
1.0,Afghanistan,272,Badakhshan,266,Fayzabad,145,Rice (low quality) - Retail,0.0,AFN,15,Retail,5,KG,3,2017,51.0,
1.0,Afghanistan,272,Badakhshan,266,Fayzabad,145,Rice (low quality) - Retail,0.0,AFN,15,Retail,5,KG,4,2017,52.0,
1.0,Afghanistan,272,Badakhshan,266,Fayzabad,145,Rice (low quality) - Retail,0.0,AFN,15,Retail,5,KG,5,2017,53.75,
1.0,Afghanistan,272,Badakhshan,266,Fayzabad,145,Rice (low quality) - Retail,0.0,AFN,15,Retail,5,KG,6,2017,59.0,
1.0,Afghanistan,272,Badakhshan,266,Fayzabad,145,Rice (low quality) - Retail,0.0,AFN,15,Retail,5,KG,7,2017,58.25,
1.0,Afghanistan,272,Badakhshan,266,Fayzabad,145,Rice (low quality) - Retail,0.0,AFN,15,Retail,5,KG,8,2017,57.5,
1.0,Afghanistan,272,Badakhshan,266,Fayzabad,145,Rice (low quality) - Retail,0.0,AFN,15,Retail,5,KG,9,2017,56.5,
1.0,Afghanistan,272,Badakhshan,266,Fayzabad,145,Rice (low quality) - Retail,0.0,AFN,15,Retail,5,KG,10,2017,55.0,
1.0,Afghanistan,272,Badakhshan,266,Fayzabad,145,Rice (low quality) - Retail,0.0,AFN,15,Retail,5,KG,11,2017,53.0,
1.0,Afghanistan,272,Badakhshan,266,Fayzabad,145,Rice (low quality) - Retail,0.0,AFN,15,Retail,5,KG,12,2017,52.0,
1.0,Afghanistan,272,Badakhshan,266,Fayzabad,145,Rice (low quality) - Retail,0.0,AFN,15,Retail,5,KG,1,2018,52.0,
1.0,Afghanistan,272,Badakhshan,266,Fayzabad,145,Rice (low quality) - Retail,0.0,AFN,15,Retail,5,KG,2,2018,52.0,
1.0,Afghanistan,272,Badakhshan,266,Fayzabad,145,Rice (low quality) - Retail,0.0,AFN,15,Retail,5,KG,3,2018,52.0,
1.0,Afghanistan,272,Badakhshan,266,Fayzabad,145,Rice (low quality) - Retail,0.0,AFN,15,Retail,5,KG,4,2018,52.0,
1.0,Afghanistan,272,Badakhshan,266,Fayzabad,145,Rice (low quality) - Retail,0.0,AFN,15,Retail,5,KG,5,2018,53.75,
1.0,Afghanistan,272,Badakhshan,266,Fayzabad,145,Rice (low quality) - Retail,0.0,AFN,15,Retail,5,KG,6,2018,55.25,
1.0,Afghanistan,272,Badakhshan,266,Fayzabad,145,Rice (low quality) - Retail,0.0,AFN,15,Retail,5,KG,7,2018,58.0,
1.0,Afghanistan,272,Badakhshan,266,Fayzabad,145,Rice (low quality) - Retail,0.0,AFN,15,Retail,5,KG,8,2018,56.0,
1.0,Afghanistan,272,Badakhshan,266,Fayzabad,145,Rice (low quality) - Retail,0.0,AFN,15,Retail,5,KG,9,2018,56.875,
1.0,Afghanistan,272,Badakhshan,266,Fayzabad,145,Rice (low quality) - Retail,0.0,AFN,15,Retail,5,KG,10,2018,59.25,
1.0,Afghanistan,272,Badakhshan,266,Fayzabad,145,Rice (low quality) - Retail,0.0,AFN,15,Retail,5,KG,11,2018,55.75,
1.0,Afghanistan,272,Badakhshan,266,Fayzabad,145,Rice (low quality) - Retail,0.0,AFN,15,Retail,5,KG,12,2018,64.125,
1.0,Afghanistan,272,Badakhshan,266,Fayzabad,145,Rice (low quality) - Retail,0.0,AFN,15,Retail,5,KG,1,2019,60.25,
1.0,Afghanistan,272,Badakhshan,266,Fayzabad,145,Rice (low quality) - Retail,0.0,AFN,15,Retail,5,KG,2,2019,58.0,
1.0,Afghanistan,272,Badakhshan,266,Fayzabad,145,Rice (low quality) - Retail,0.0,AFN,15,Retail,5,KG,3,2019,58.0,
1.0,Afghanistan,272,Badakhshan,266,Fayzabad,145,Rice (low quality) - Retail,0.0,AFN,15,Retail,5,KG,4,2019,58.0,
1.0,Afghanistan,272,Badakhshan,266,Fayzabad,145,Rice (low quality) - Retail,0.0,AFN,15,Retail,5,KG,5,2019,58.75,
1.0,Afghanistan,272,Badakhshan,266,Fayzabad,145,Rice (low quality) - Retail,0.0,AFN,15,Retail,5,KG,6,2019,58.625,
1.0,Afghanistan,272,Badakhshan,266,Fayzabad,145,Rice (low quality) - Retail,0.0,AFN,15,Retail,5,KG,7,2019,58.0,
1.0,Afghanistan,272,Badakhshan,266,Fayzabad,145,Rice (low quality) - Retail,0.0,AFN,15,Retail,5,KG,8,2019,58.0,
1.0,Afghanistan,272,Badakhshan,266,Fayzabad,145,Rice (low quality) - Retail,0.0,AFN,15,Retail,5,KG,9,2019,58.0,
1.0,Afghanistan,272,Badakhshan,266,Fayzabad,145,Rice (low quality) - Retail,0.0,AFN,15,Retail,5,KG,10,2019,58.0,
1.0,Afghanistan,272,Badakhshan,266,Fayzabad,145,Rice (low quality) - Retail,0.0,AFN,15,Retail,5,KG,11,2019,57.75,
1.0,Afghanistan,272,Badakhshan,266,Fayzabad,145,Rice (low quality) - Retail,0.0,AFN,15,Retail,5,KG,12,2019,57.0,
1.0,Afghanistan,272,Badakhshan,266,Fayzabad,145,Rice (low quality) - Retail,0.0,AFN,15,Retail,5,KG,1,2020,57.0,
1.0,Afghanistan,272,Badakhshan,266,Fayzabad,145,Rice (low quality) - Retail,0.0,AFN,15,Retail,5,KG,2,2020,57.0,
1.0,Afghanistan,272,Badakhshan,266,Fayzabad,145,Rice (low quality) - Retail,0.0,AFN,15,Retail,5,KG,3,2020,62.5833,
1.0,Afghanistan,272,Badakhshan,266,Fayzabad,145,Rice (low quality) - Retail,0.0,AFN,15,Retail,5,KG,4,2020,68.0,
1.0,Afghanistan,272,Badakhshan,266,Fayzabad,274,Wage (qualified labour) - Retail,0.0,AFN,15,Retail,51,Day,2,2014,700.0,
1.0,Afghanistan,272,Badakhshan,266,Fayzabad,274,Wage (qualified labour) - Retail,0.0,AFN,15,Retail,51,Day,7,2014,1000.0,
1.0,Afghanistan,272,Badakhshan,266,Fayzabad,274,Wage (qualified labour) - Retail,0.0,AFN,15,Retail,51,Day,8,2014,1000.0,
1.0,Afghanistan,272,Badakhshan,266,Fayzabad,274,Wage (qualified labour) - Retail,0.0,AFN,15,Retail,51,Day,9,2014,1000.0,
1.0,Afghanistan,272,Badakhshan,266,Fayzabad,274,Wage (qualified labour) - Retail,0.0,AFN,15,Retail,51,Day,10,2014,1000.0,
1.0,Afghanistan,272,Badakhshan,266,Fayzabad,274,Wage (qualified labour) - Retail,0.0,AFN,15,Retail,51,Day,11,2014,1000.0,
1.0,Afghanistan,272,Badakhshan,266,Fayzabad,274,Wage (qualified labour) - Retail,0.0,AFN,15,Retail,51,Day,12,2014,925.0,
1.0,Afghanistan,272,Badakhshan,266,Fayzabad,274,Wage (qualified labour) - Retail,0.0,AFN,15,Retail,51,Day,1,2015,700.0,
1.0,Afghanistan,272,Badakhshan,266,Fayzabad,274,Wage (qualified labour) - Retail,0.0,AFN,15,Retail,51,Day,2,2015,700.0,
1.0,Afghanistan,272,Badakhshan,266,Fayzabad,274,Wage (qualified labour) - Retail,0.0,AFN,15,Retail,51,Day,3,2015,800.0,
1.0,Afghanistan,272,Badakhshan,266,Fayzabad,274,Wage (qualified labour) - Retail,0.0,AFN,15,Retail,51,Day,4,2015,800.0,
1.0,Afghanistan,272,Badakhshan,266,Fayzabad,274,Wage (qualified labour) - Retail,0.0,AFN,15,Retail,51,Day,5,2015,800.0,
1.0,Afghanistan,272,Badakhshan,266,Fayzabad,274,Wage (qualified labour) - Retail,0.0,AFN,15,Retail,51,Day,6,2015,800.0,
1.0,Afghanistan,272,Badakhshan,266,Fayzabad,274,Wage (qualified labour) - Retail,0.0,AFN,15,Retail,51,Day,7,2015,800.0,
1.0,Afghanistan,272,Badakhshan,266,Fayzabad,274,Wage (qualified labour) - Retail,0.0,AFN,15,Retail,51,Day,8,2015,800.0,
1.0,Afghanistan,272,Badakhshan,266,Fayzabad,274,Wage (qualified labour) - Retail,0.0,AFN,15,Retail,51,Day,9,2015,700.0,
1.0,Afghanistan,272,Badakhshan,266,Fayzabad,274,Wage (qualified labour) - Retail,0.0,AFN,15,Retail,51,Day,10,2015,600.0,
1.0,Afghanistan,272,Badakhshan,266,Fayzabad,274,Wage (qualified labour) - Retail,0.0,AFN,15,Retail,51,Day,11,2015,600.0,
1.0,Afghanistan,272,Badakhshan,266,Fayzabad,274,Wage (qualified labour) - Retail,0.0,AFN,15,Retail,51,Day,12,2015,600.0,
1.0,Afghanistan,272,Badakhshan,266,Fayzabad,274,Wage (qualified labour) - Retail,0.0,AFN,15,Retail,51,Day,1,2016,600.0,
1.0,Afghanistan,272,Badakhshan,266,Fayzabad,274,Wage (qualified labour) - Retail,0.0,AFN,15,Retail,51,Day,3,2016,600.0,
1.0,Afghanistan,272,Badakhshan,266,Fayzabad,274,Wage (qualified labour) - Retail,0.0,AFN,15,Retail,51,Day,4,2016,700.0,
1.0,Afghanistan,272,Badakhshan,266,Fayzabad,274,Wage (qualified labour) - Retail,0.0,AFN,15,Retail,51,Day,5,2016,750.0,
1.0,Afghanistan,272,Badakhshan,266,Fayzabad,274,Wage (qualified labour) - Retail,0.0,AFN,15,Retail,51,Day,6,2016,700.0,
1.0,Afghanistan,272,Badakhshan,266,Fayzabad,274,Wage (qualified labour) - Retail,0.0,AFN,15,Retail,51,Day,7,2016,700.0,
1.0,Afghanistan,272,Badakhshan,266,Fayzabad,274,Wage (qualified labour) - Retail,0.0,AFN,15,Retail,51,Day,8,2016,700.0,
1.0,Afghanistan,272,Badakhshan,266,Fayzabad,274,Wage (qualified labour) - Retail,0.0,AFN,15,Retail,51,Day,9,2016,700.0,
1.0,Afghanistan,272,Badakhshan,266,Fayzabad,274,Wage (qualified labour) - Retail,0.0,AFN,15,Retail,51,Day,10,2016,650.0,
1.0,Afghanistan,272,Badakhshan,266,Fayzabad,274,Wage (qualified labour) - Retail,0.0,AFN,15,Retail,51,Day,11,2016,575.0,
1.0,Afghanistan,272,Badakhshan,266,Fayzabad,274,Wage (qualified labour) - Retail,0.0,AFN,15,Retail,51,Day,12,2016,500.0,
1.0,Afghanistan,272,Badakhshan,266,Fayzabad,274,Wage (qualified labour) - Retail,0.0,AFN,15,Retail,51,Day,1,2017,600.0,
1.0,Afghanistan,272,Badakhshan,266,Fayzabad,274,Wage (qualified labour) - Retail,0.0,AFN,15,Retail,51,Day,2,2017,600.0,
1.0,Afghanistan,272,Badakhshan,266,Fayzabad,274,Wage (qualified labour) - Retail,0.0,AFN,15,Retail,51,Day,3,2017,750.0,
1.0,Afghanistan,272,Badakhshan,266,Fayzabad,274,Wage (qualified labour) - Retail,0.0,AFN,15,Retail,51,Day,4,2017,850.0,
1.0,Afghanistan,272,Badakhshan,266,Fayzabad,274,Wage (qualified labour) - Retail,0.0,AFN,15,Retail,51,Day,5,2017,975.0,
1.0,Afghanistan,272,Badakhshan,266,Fayzabad,274,Wage (qualified labour) - Retail,0.0,AFN,15,Retail,51,Day,6,2017,1000.0,
1.0,Afghanistan,272,Badakhshan,266,Fayzabad,274,Wage (qualified labour) - Retail,0.0,AFN,15,Retail,51,Day,7,2017,1000.0,
1.0,Afghanistan,272,Badakhshan,266,Fayzabad,274,Wage (qualified labour) - Retail,0.0,AFN,15,Retail,51,Day,8,2017,1050.0,
1.0,Afghanistan,272,Badakhshan,266,Fayzabad,274,Wage (qualified labour) - Retail,0.0,AFN,15,Retail,51,Day,9,2017,1000.0,
1.0,Afghanistan,272,Badakhshan,266,Fayzabad,274,Wage (qualified labour) - Retail,0.0,AFN,15,Retail,51,Day,10,2017,925.0,
1.0,Afghanistan,272,Badakhshan,266,Fayzabad,274,Wage (qualified labour) - Retail,0.0,AFN,15,Retail,51,Day,11,2017,725.0,
1.0,Afghanistan,272,Badakhshan,266,Fayzabad,274,Wage (qualified labour) - Retail,0.0,AFN,15,Retail,51,Day,12,2017,600.0,
1.0,Afghanistan,272,Badakhshan,266,Fayzabad,274,Wage (qualified labour) - Retail,0.0,AFN,15,Retail,51,Day,1,2018,600.0,
1.0,Afghanistan,272,Badakhshan,266,Fayzabad,274,Wage (qualified labour) - Retail,0.0,AFN,15,Retail,51,Day,2,2018,600.0,
1.0,Afghanistan,272,Badakhshan,266,Fayzabad,274,Wage (qualified labour) - Retail,0.0,AFN,15,Retail,51,Day,3,2018,600.0,
1.0,Afghanistan,272,Badakhshan,266,Fayzabad,274,Wage (qualified labour) - Retail,0.0,AFN,15,Retail,51,Day,4,2018,725.0,
1.0,Afghanistan,272,Badakhshan,266,Fayzabad,274,Wage (qualified labour) - Retail,0.0,AFN,15,Retail,51,Day,5,2018,850.0,
1.0,Afghanistan,272,Badakhshan,266,Fayzabad,274,Wage (qualified labour) - Retail,0.0,AFN,15,Retail,51,Day,6,2018,1000.0,
1.0,Afghanistan,272,Badakhshan,266,Fayzabad,274,Wage (qualified labour) - Retail,0.0,AFN,15,Retail,51,Day,7,2018,1000.0,
1.0,Afghanistan,272,Badakhshan,266,Fayzabad,274,Wage (qualified labour) - Retail,0.0,AFN,15,Retail,51,Day,8,2018,1000.0,
1.0,Afghanistan,272,Badakhshan,266,Fayzabad,274,Wage (qualified labour) - Retail,0.0,AFN,15,Retail,51,Day,9,2018,1000.0,
1.0,Afghanistan,272,Badakhshan,266,Fayzabad,274,Wage (qualified labour) - Retail,0.0,AFN,15,Retail,51,Day,10,2018,1000.0,
1.0,Afghanistan,272,Badakhshan,266,Fayzabad,274,Wage (qualified labour) - Retail,0.0,AFN,15,Retail,51,Day,11,2018,1000.0,
1.0,Afghanistan,272,Badakhshan,266,Fayzabad,274,Wage (qualified labour) - Retail,0.0,AFN,15,Retail,51,Day,12,2018,1000.0,
1.0,Afghanistan,272,Badakhshan,266,Fayzabad,274,Wage (qualified labour) - Retail,0.0,AFN,15,Retail,51,Day,1,2019,1000.0,
1.0,Afghanistan,272,Badakhshan,266,Fayzabad,274,Wage (qualified labour) - Retail,0.0,AFN,15,Retail,51,Day,2,2019,1000.0,
1.0,Afghanistan,272,Badakhshan,266,Fayzabad,274,Wage (qualified labour) - Retail,0.0,AFN,15,Retail,51,Day,3,2019,1000.0,
1.0,Afghanistan,272,Badakhshan,266,Fayzabad,274,Wage (qualified labour) - Retail,0.0,AFN,15,Retail,51,Day,4,2019,1000.0,
1.0,Afghanistan,272,Badakhshan,266,Fayzabad,274,Wage (qualified labour) - Retail,0.0,AFN,15,Retail,51,Day,5,2019,1000.0,
1.0,Afghanistan,272,Badakhshan,266,Fayzabad,274,Wage (qualified labour) - Retail,0.0,AFN,15,Retail,51,Day,6,2019,1000.0,
1.0,Afghanistan,272,Badakhshan,266,Fayzabad,274,Wage (qualified labour) - Retail,0.0,AFN,15,Retail,51,Day,7,2019,1000.0,
1.0,Afghanistan,272,Badakhshan,266,Fayzabad,274,Wage (qualified labour) - Retail,0.0,AFN,15,Retail,51,Day,8,2019,1000.0,
1.0,Afghanistan,272,Badakhshan,266,Fayzabad,274,Wage (qualified labour) - Retail,0.0,AFN,15,Retail,51,Day,9,2019,1000.0,
1.0,Afghanistan,272,Badakhshan,266,Fayzabad,274,Wage (qualified labour) - Retail,0.0,AFN,15,Retail,51,Day,10,2019,1000.0,
1.0,Afghanistan,272,Badakhshan,266,Fayzabad,274,Wage (qualified labour) - Retail,0.0,AFN,15,Retail,51,Day,11,2019,1000.0,
